first_name,last_name,email,gender,age,car,job,favourite_film
Giacinta,Fancutt,gfancutt0@ftc.gov,Female,17.108.45.224,Jaguar,Engineer II,Drama|Mystery|Thriller
John,Brunning,jbrunning1@unblog.fr,Male,43.192.172.101,Infiniti,Registered Nurse,Children|Comedy
Jorey,Acton,jacton2@instagram.com,Female,63.54.184.117,Ford,Programmer IV,Documentary
Petunia,Hully,phully3@opera.com,Female,233.219.238.33,GMC,Clinical Specialist,Action|Sci-Fi
Loleta,Retallack,lretallack4@newyorker.com,Female,206.43.12.84,Lincoln,Research Assistant IV,Drama
Davidson,Feldheim,dfeldheim5@sitemeter.com,Male,154.223.251.161,Pontiac,Internal Auditor,Comedy
Seka,Freckelton,sfreckelton6@jiathis.com,Female,34.159.93.48,Ford,VP Quality Control,Drama
Fremont,Drake,fdrake7@shareasale.com,Male,98.13.198.172,Ford,Web Designer I,Drama
Ellynn,Boldt,eboldt8@mlb.com,Female,174.157.109.195,Buick,Biostatistician III,Documentary|Musical
Ilene,Kildale,ikildale9@ehow.com,Female,9.36.228.37,Acura,Structural Analysis Engineer,Drama|Romance|Western
Merilee,Eller,mellera@yolasite.com,Female,210.131.243.52,Isuzu,VP Product Management,Crime|Drama|Thriller
Shelton,Cattach,scattachb@reference.com,Male,92.193.65.43,GMC,Help Desk Operator,Comedy
Carce,Braferton,cbrafertonc@ezinearticles.com,Male,162.222.15.241,Chevrolet,Geological Engineer,Documentary
Lowe,Marie,lmaried@amazon.co.uk,Male,120.85.142.63,Volkswagen,Teacher,Drama
Gayla,Meriott,gmeriotte@ow.ly,Female,63.155.165.208,Volvo,Senior Sales Associate,Crime|Mystery|Thriller
Nikaniki,Benettelli,nbenettellif@networksolutions.com,Female,56.28.213.119,Chevrolet,Structural Engineer,Comedy|Drama
Nadean,Aldie,naldieg@statcounter.com,Female,198.163.117.64,Volkswagen,Structural Analysis Engineer,Action
Rica,Loach,rloachh@elegantthemes.com,Female,135.80.150.226,Toyota,Office Assistant II,Documentary
Bernard,Piet,bpieti@google.pl,Male,255.174.19.97,Volkswagen,Project Manager,Adventure|Animation|Children|Comedy
Nonah,Postlewhite,npostlewhitej@cisco.com,Female,165.131.223.166,Mazda,Web Designer III,Drama
